image_ID,pose,lighting,mask,subject_name,MST
PXL_20220922_183640936.PORTRAIT.jpg,frontal,poorly_lit,0,subject_18,1
PXL_20220922_183620053.PORTRAIT.jpg,facing_camera,well_lit,0,subject_18,1
PXL_20220922_183617300.PORTRAIT.jpg,frontal,well_lit,0,subject_18,1
PXL_20220922_183609632.PORTRAIT.jpg,facing_camera,well_lit,0,subject_18,1
PXL_20220922_183530266.jpg,facing_camera,poorly_lit,0,subject_18,1
PXL_20220922_183523486.jpg,frontal,poorly_lit,0,subject_18,1
PXL_20220922_183518814.jpg,facing_camera,poorly_lit,0,subject_18,1
PXL_20220922_183517768.jpg,facing_camera,poorly_lit,0,subject_18,1
PXL_20220922_183511299.jpg,frontal,poorly_lit,0,subject_18,1
PXL_20220922_183506625.jpg,facing_camera,poorly_lit,0,subject_18,1
PXL_20220922_183500918.jpg,frontal,poorly_lit,0,subject_18,1
PXL_20220922_183456183.jpg,facing_camera,poorly_lit,0,subject_18,1
PXL_20220922_183453555.jpg,frontal,poorly_lit,0,subject_18,1
PXL_20220922_183448133.jpg,facing_camera,poorly_lit,0,subject_18,1
PXL_20220922_183322816.jpg,facing_camera,well_lit,0,subject_18,1
PXL_20220922_183321028.jpg,frontal,well_lit,0,subject_18,1
PXL_20220922_183318443.jpg,facing_camera,well_lit,0,subject_18,1
PXL_20220922_183305849.jpg,frontal,well_lit,0,subject_18,1
PXL_20220922_183142438.jpg ,frontal,poorly_lit,0,subject_18,1
PXL_20220922_183136584.jpg,facing_camera,poorly_lit,0,subject_18,1
PXL_20220922_183130795.jpg,frontal,poorly_lit,0,subject_18,1
PXL_20220922_183125041.jpg,facing_camera,poorly_lit,0,subject_18,1
PXL_20220922_183059733.jpg,frontal,poorly_lit,0,subject_18,1
PXL_20220922_183052857.jpg,facing_camera,poorly_lit,0,subject_18,1
PXL_20220922_183050690.jpg,frontal,poorly_lit,0,subject_18,1
PXL_20220922_183041910.jpg,facing_camera,poorly_lit,0,subject_18,1
PXL_20220922_182730001.jpg,frontal,well_lit,0,subject_18,1
PXL_20220922_182722342.jpg,facing_camera,well_lit,0,subject_18,1
PXL_20220922_182713149.jpg,frontal,well_lit,0,subject_18,1
PXL_20220922_182710449.jpg,facing_camera,well_lit,0,subject_18,1
PXL_20220922_182708946.jpg,facing_camera,well_lit,0,subject_18,1
PXL_20220922_182706230.jpg,facing_camera,well_lit,0,subject_18,1
PXL_20220922_182653661.jpg,frontal,well_lit,0,subject_18,1
PXL_20220922_182652060.jpg,facing_camera,well_lit,0,subject_18,1
PXL_20220922_182647374.jpg,facing_camera,well_lit,0,subject_18,1
PXL_20220922_182645489.jpg,facing_camera,well_lit,0,subject_18,1
PXL_20220922_182642800.jpg,frontal,well_lit,0,subject_18,1
PXL_20220922_182633863.jpg,facing_camera,well_lit,0,subject_18,1
PXL_20220922_185827818.jpg,frontal,poorly_lit,0,subject_17,8
PXL_20220922_185812471.jpg,facing_camera,poorly_lit,0,subject_17,8
PXL_20220922_185804157.jpg,facing_camera,poorly_lit,0,subject_17,8
PXL_20220922_185754281.jpg,facing_camera,poorly_lit,0,subject_17,8
PXL_20220922_185705214.jpg,facing_camera,well_lit,0,subject_17,8
PXL_20220922_185659098.jpg,facing_camera,well_lit,0,subject_17,8
PXL_20220922_185657391.jpg,facing_camera,well_lit,0,subject_17,8
PXL_20220922_185514681.jpg,frontal,poorly_lit,0,subject_17,8
PXL_20220922_185504598.jpg,facing_camera,poorly_lit,0,subject_17,8
PXL_20220922_185456930.jpg,facing_camera,poorly_lit,0,subject_17,8
PXL_20220922_185442196.jpg,facing_camera,poorly_lit,0,subject_17,8
PXL_20220922_185440334.jpg,facing_camera,poorly_lit,0,subject_17,8
PXL_20220922_185419849.PORTRAIT.jpg,facing_camera,poorly_lit,0,subject_17,8
PXL_20220922_185410258.PORTRAIT.jpg,facing_camera,poorly_lit,0,subject_17,8
PXL_20220922_185404798.PORTRAIT.jpg,facing_camera,well_lit,0,subject_17,8
PXL_20220922_185358150.PORTRAIT.jpg,facing_camera,well_lit,0,subject_17,8
PXL_20220922_185316365.PORTRAIT.jpg,facing_camera,well_lit,0,subject_17,8
PXL_20220922_185248297.jpg,facing_camera,poorly_lit,0,subject_17,8
PXL_20220922_185242494.jpg,facing_camera,poorly_lit,0,subject_17,8
PXL_20220922_185224507.jpg,facing_camera,poorly_lit,0,subject_17,8
PXL_20220922_185206022.jpg,facing_camera,poorly_lit,0,subject_17,8
PXL_20220922_185158900.jpg,facing_camera,poorly_lit,0,subject_17,8
PXL_20220922_163246206.jpg,frontal,poorly_lit,0,subject_16,1
PXL_20220922_163238367.jpg,facing_camera,poorly_lit,0,subject_16,1
PXL_20220922_163233149.jpg,facing_camera,poorly_lit,0,subject_16,1
PXL_20220922_163224863.jpg,facing_camera,poorly_lit,0,subject_16,1
PXL_20220922_163221806.jpg,frontal,poorly_lit,0,subject_16,1
PXL_20220922_163212621.jpg,facing_camera,poorly_lit,0,subject_16,1
PXL_20220922_163207738.jpg,frontal,poorly_lit,0,subject_16,1
PXL_20220922_163205440.jpg,frontal,poorly_lit,0,subject_16,1
PXL_20220922_163150248.jpg,facing_camera,poorly_lit,0,subject_16,1
PXL_20220922_163052549.jpg,facing_camera,poorly_lit,0,subject_16,1
PXL_20220922_163049541.jpg,facing_camera,poorly_lit,0,subject_16,1
PXL_20220922_163045525.jpg,facing_camera,poorly_lit,0,subject_16,1
PXL_20220922_163041327.jpg,frontal,poorly_lit,0,subject_16,1
PXL_20220922_163036224.jpg,facing_camera,poorly_lit,0,subject_16,1
PXL_20220922_163031782.jpg,frontal,poorly_lit,0,subject_16,1
PXL_20220922_163025599.jpg,facing_camera,poorly_lit,0,subject_16,1
PXL_20220922_162946598.jpg,frontal,well_lit,0,subject_16,1
PXL_20220922_162937771.jpg,facing_camera,well_lit,0,subject_16,1
PXL_20220922_162924532.jpg,facing_camera,well_lit,0,subject_16,1
PXL_20220922_162917375.jpg,frontal,well_lit,0,subject_16,1
PXL_20220922_162910059.jpg,facing_camera,well_lit,0,subject_16,1
PXL_20220922_162836588.jpg,frontal,well_lit,0,subject_16,1
PXL_20220922_162832750.jpg,facing_camera,well_lit,0,subject_16,1
PXL_20220922_162824514.jpg,facing_camera,well_lit,0,subject_16,1
PXL_20220922_162821871.jpg,facing_camera,well_lit,0,subject_16,1
PXL_20220922_162818819.jpg,facing_camera,well_lit,0,subject_16,1
PXL_20220922_162811412.jpg,facing_camera,well_lit,0,subject_16,1
PXL_20220922_162808508.jpg,facing_camera,well_lit,0,subject_16,1
PXL_20220922_162801535.jpg,facing_camera,well_lit,0,subject_16,1
PXL_20220922_162746982.jpg,facing_camera,well_lit,0,subject_16,1
Carlos video 2.mp4,facing_camera,video,0,subject_15,3
Carlos video 3.mp4,facing_camera,video,0,subject_15,3
PXL_20220922_132003063.PORTRAIT.jpg,frontal,poorly_lit,0,subject_15,3
PXL_20220922_131951023.PORTRAIT.jpg,facing_camera,poorly_lit,0,subject_15,3
PXL_20220922_131901514.PORTRAIT.jpg,facing_camera,poorly_lit,0,subject_15,3
PXL_20220922_131859247.PORTRAIT.jpg,frontal,poorly_lit,0,subject_15,3
PXL_20220922_131844594.PORTRAIT.jpg,facing_camera,poorly_lit,0,subject_15,3
PXL_20220922_131818892.jpg,frontal,poorly_lit,0,subject_15,3
PXL_20220922_131811784.jpg,facing_camera,poorly_lit,0,subject_15,3
PXL_20220922_131806066.jpg,facing_camera,poorly_lit,0,subject_15,3
PXL_20220922_131746430.jpg,frontal,well_lit,0,subject_15,3
PXL_20220922_131732383.jpg,facing_camera,well_lit,0,subject_15,3
PXL_20220922_131730853.jpg,frontal,well_lit,0,subject_15,3
PXL_20220922_131720092.jpg,facing_camera,well_lit,0,subject_15,3
PXL_20220922_131419682.jpg,frontal,well_lit,0,subject_15,3
PXL_20220922_131411507.jpg,facing_camera,well_lit,0,subject_15,3
PXL_20220922_131405319.jpg,facing_camera,well_lit,0,subject_15,3
PXL_20220922_131245640.jpg,frontal,well_lit,0,subject_15,3
PXL_20220922_131234792.jpg,facing_camera,well_lit,0,subject_15,3
Carlos Video.TS.mp4,facing_camera,video,0,subject_15,3
PXL_20220922_160630474.TS.mp4,facing_camera,video,0,subject_14,6
PXL_20220922_161621027.jpg,facing_camera,video,0,subject_14,6
PXL_20220922_161451316.jpg,frontal,poorly_lit,0,subject_14,6
PXL_20220922_161445106.jpg,facing_camera,poorly_lit,0,subject_14,6
PXL_20220922_161443026.jpg,facing_camera,poorly_lit,0,subject_14,6
PXL_20220922_161436829.jpg,facing_camera,poorly_lit,0,subject_14,6
PXL_20220922_161206594.PORTRAIT.jpg,facing_camera,well_lit,0,subject_14,6
PXL_20220922_161159845.PORTRAIT.jpg,frontal,well_lit,0,subject_14,6
PXL_20220922_161148471.PORTRAIT.jpg,facing_camera,well_lit,0,subject_14,6
PXL_20220922_161146768.PORTRAIT.jpg,facing_camera,well_lit,0,subject_14,6
PXL_20220922_161144902.PORTRAIT.jpg,facing_camera,well_lit,0,subject_14,6
PXL_20220922_161127301.PORTRAIT.jpg,frontal,well_lit,0,subject_14,6
PXL_20220922_161120533.PORTRAIT.jpg,facing_camera,well_lit,0,subject_14,6
PXL_20220922_161114689.PORTRAIT.jpg,frontal,well_lit,0,subject_14,6
PXL_20220922_161107253.PORTRAIT.jpg,facing_camera,well_lit,0,subject_14,6
PXL_20220922_161024329.jpg,frontal,poorly_lit,0,subject_14,6
PXL_20220922_161017221.jpg,facing_camera,poorly_lit,0,subject_14,6
PXL_20220922_161012849.jpg,facing_camera,poorly_lit,0,subject_14,6
PXL_20220922_161004335.jpg,facing_camera,poorly_lit,0,subject_14,6
PXL_20220922_161002163.jpg,frontal,poorly_lit,0,subject_14,6
PXL_20220922_160954446.jpg,facing_camera,poorly_lit,0,subject_14,6
PXL_20220922_160952357.jpg,frontal,poorly_lit,0,subject_14,6
PXL_20220922_160944429.jpg,facing_camera,poorly_lit,0,subject_14,6
PXL_20220922_160853301.jpg,frontal,well_lit,0,subject_14,6
PXL_20220922_160846747.jpg,facing_camera,well_lit,0,subject_14,6
PXL_20220922_160844411.jpg,frontal,well_lit,0,subject_14,6
PXL_20220922_160836485.jpg,facing_camera,well_lit,0,subject_14,6
PXL_20220922_160833805.jpg,frontal,well_lit,0,subject_14,6
PXL_20220922_160826611.jpg,facing_camera,well_lit,0,subject_14,6
PXL_20220922_160824216.jpg,frontal,well_lit,0,subject_14,6
PXL_20220922_160815863.jpg,facing_camera,well_lit,0,subject_14,6
PXL_20220922_160742778.jpg,facing_camera,well_lit,0,subject_14,6
PXL_20220922_141215176.jpg,facing_camera,poorly_lit,0,subject_13,2
PXL_20220922_141207125.jpg,facing_camera,poorly_lit,0,subject_13,2
PXL_20220922_141205526.jpg,facing_camera,poorly_lit,0,subject_13,2
PXL_20220922_141200118.jpg,frontal,poorly_lit,0,subject_13,2
PXL_20220922_141145430.jpg,frontal,poorly_lit,0,subject_13,2
PXL_20220922_141143935.jpg,facing_camera,poorly_lit,0,subject_13,2
PXL_20220922_141142245.jpg,facing_camera,poorly_lit,0,subject_13,2
PXL_20220922_141137133.jpg,facing_camera,poorly_lit,0,subject_13,2
PXL_20220922_141129747.jpg,facing_camera,poorly_lit,0,subject_13,2
PXL_20220922_141123871.jpg,facing_camera,poorly_lit,0,subject_13,2
PXL_20220922_141040848.jpg,frontal,well_lit,0,subject_13,2
PXL_20220922_141029313.jpg,facing_camera,well_lit,0,subject_13,2
PXL_20220922_141017374.jpg,facing_camera,well_lit,0,subject_13,2
PXL_20220922_141016189.jpg,frontal,well_lit,0,subject_13,2
PXL_20220922_141013772.jpg,facing_camera,well_lit,0,subject_13,2
PXL_20220922_141002299.jpg,frontal,well_lit,0,subject_13,2
PXL_20220922_140956208.jpg,frontal,well_lit,0,subject_13,2
PXL_20220922_140951373.jpg,facing_camera,well_lit,0,subject_13,2
PXL_20220922_140702450.PORTRAIT.jpg,facing_camera,well_lit,0,subject_13,2
PXL_20220922_140655381.PORTRAIT.jpg,frontal,well_lit,0,subject_13,2
PXL_20220922_140644738.PORTRAIT.jpg,facing_camera,well_lit,0,subject_13,2
PXL_20220922_140630454.PORTRAIT.jpg,frontal,well_lit,0,subject_13,2
PXL_20220922_140619957.PORTRAIT.jpg,facing_camera,well_lit,0,subject_13,2
PXL_20220922_140616754.PORTRAIT.jpg,frontal,well_lit,0,subject_13,2
PXL_20220922_140610185.PORTRAIT.jpg,frontal,well_lit,0,subject_13,2
PXL_20220922_140447635.PORTRAIT.jpg,facing_camera,well_lit,0,subject_13,2
PXL_20220922_180402602.jpg,facing_camera,poorly_lit,0,subject_12,10
PXL_20220922_180401189.jpg,frontal,poorly_lit,0,subject_12,10
PXL_20220922_180359528.jpg,facing_camera,poorly_lit,0,subject_12,10
PXL_20220922_180357914.jpg,facing_camera,poorly_lit,0,subject_12,10
PXL_20220922_180356379.jpg,facing_camera,poorly_lit,0,subject_12,10
PXL_20220922_180352904.jpg,facing_camera,poorly_lit,0,subject_12,10
PXL_20220922_180349385.jpg,facing_camera,poorly_lit,0,subject_12,10
PXL_20220922_175937878.jpg,facing_camera,poorly_lit,0,subject_12,10
PXL_20220922_175934881.jpg,facing_camera,poorly_lit,0,subject_12,10
PXL_20220922_175931440.jpg,facing_camera,poorly_lit,0,subject_12,10
PXL_20220922_175929773.jpg,facing_camera,poorly_lit,0,subject_12,10
PXL_20220922_175928064.jpg,facing_camera,poorly_lit,0,subject_12,10
PXL_20220922_175922739.jpg,frontal,poorly_lit,0,subject_12,10
PXL_20220922_175919159.jpg,facing_camera,poorly_lit,0,subject_12,10
PXL_20220922_175911736.jpg,facing_camera,poorly_lit,0,subject_12,10
PXL_20220922_175906610.jpg,facing_camera,poorly_lit,0,subject_12,10
PXL_20220922_175900468.jpg,facing_camera,poorly_lit,0,subject_12,10
PXL_20220922_175858636.jpg,facing_camera,poorly_lit,0,subject_12,10
PXL_20220922_175848809.jpg,facing_camera,poorly_lit,0,subject_12,10
PXL_20220922_175846375.jpg,frontal,poorly_lit,0,subject_12,10
PXL_20220922_175844972.jpg,facing_camera,poorly_lit,0,subject_12,10
PXL_20220922_175841186.jpg,facing_camera,poorly_lit,0,subject_12,10
PXL_20220922_175839844.jpg,facing_camera,poorly_lit,0,subject_12,10
PXL_20220922_175837877.jpg,facing_camera,poorly_lit,0,subject_12,10
PXL_20220922_175816268.jpg,facing_camera,poorly_lit,0,subject_12,10
PXL_20220922_175737649.jpg,facing_camera,poorly_lit,0,subject_12,10
PXL_20220922_175735218.jpg,facing_camera,poorly_lit,0,subject_12,10
PXL_20220922_175733830.jpg,facing_camera,poorly_lit,0,subject_12,10
PXL_20220922_175732630.jpg,facing_camera,poorly_lit,0,subject_12,10
PXL_20220922_175728401.jpg,facing_camera,poorly_lit,0,subject_12,10
PXL_20220922_175726916.jpg,facing_camera,poorly_lit,0,subject_12,10
PXL_20220922_175722948.jpg,facing_camera,poorly_lit,0,subject_12,10
PXL_20220922_175718926.jpg,facing_camera,poorly_lit,0,subject_12,10
PXL_20220922_175716367.jpg,facing_camera,poorly_lit,0,subject_12,10
PXL_20220922_175713987.jpg,facing_camera,poorly_lit,0,subject_12,10
PXL_20220922_175712230.jpg,frontal,poorly_lit,0,subject_12,10
PXL_20220922_175705794.jpg,facing_camera,poorly_lit,0,subject_12,10
PXL_20220922_175703876.jpg,facing_camera,poorly_lit,0,subject_12,10
PXL_20220922_175613080.jpg,facing_camera,well_lit,0,subject_12,10
PXL_20220922_175608493.jpg,facing_camera,well_lit,0,subject_12,10
PXL_20220922_175601727.jpg,facing_camera,well_lit,0,subject_12,10
PXL_20220922_175554301.jpg,facing_camera,well_lit,0,subject_12,10
PXL_20220922_175416521.jpg,frontal,well_lit,0,subject_12,10
PXL_20220922_175414428.jpg,facing_camera,well_lit,0,subject_12,10
PXL_20220922_175412551.jpg,facing_camera,well_lit,0,subject_12,10
PXL_20220922_175408667.jpg,facing_camera,well_lit,0,subject_12,10
PXL_20220922_175359002.jpg,facing_camera,well_lit,0,subject_12,10
PXL_20220922_175356974.jpg,facing_camera,well_lit,0,subject_12,10
PXL_20220922_175355467.jpg,facing_camera,well_lit,0,subject_12,10
PXL_20220922_175353614.jpg,facing_camera,well_lit,0,subject_12,10
PXL_20220922_175335134.jpg,frontal,well_lit,0,subject_12,10
PXL_20220922_175333048.jpg,facing_camera,well_lit,0,subject_12,10
PXL_20220922_175325536.jpg,facing_camera,well_lit,0,subject_12,10
PXL_20220922_175315326.jpg,facing_camera,well_lit,0,subject_12,10
PXL_20220922_175312693.jpg,frontal,well_lit,0,subject_12,10
PXL_20220922_175304753.jpg,facing_camera,well_lit,0,subject_12,10
PXL_20220922_175213980.jpg,frontal,well_lit,0,subject_12,10
PXL_20220922_175201134.jpg,facing_camera,well_lit,0,subject_12,10
PXL_20220922_175157945.jpg,facing_camera,well_lit,0,subject_12,10
PXL_20220922_175155744.jpg,frontal,well_lit,0,subject_12,10
PXL_20220922_175138290.jpg,facing_camera,well_lit,0,subject_12,10
PXL_20220922_194833505.jpg,facing_camera,well_lit,0,subject_11,5
PXL_20220922_194826234.jpg,facing_camera,well_lit,0,subject_11,5
PXL_20220922_194815935.jpg,facing_camera,well_lit,0,subject_11,5
PXL_20220922_194808967.jpg,facing_camera,well_lit,0,subject_11,5
PXL_20220922_194806383.jpg,facing_camera,well_lit,0,subject_11,5
PXL_20220922_194707277.jpg,facing_camera,poorly_lit,0,subject_11,5
PXL_20220922_194704597.jpg,frontal,poorly_lit,0,subject_11,5
PXL_20220922_194659198.jpg,facing_camera,poorly_lit,0,subject_11,5
PXL_20220922_194656564.jpg,facing_camera,poorly_lit,0,subject_11,5
PXL_20220922_194606938.jpg,frontal,poorly_lit,0,subject_11,5
PXL_20220922_194605555.jpg,facing_camera,poorly_lit,0,subject_11,5
PXL_20220922_194557410.jpg,facing_camera,poorly_lit,0,subject_11,5
PXL_20220922_194550829.jpg,facing_camera,poorly_lit,0,subject_11,5
PXL_20220922_194544335.jpg,facing_camera,poorly_lit,0,subject_11,5
PXL_20220922_194415718.jpg,facing_camera,well_lit,0,subject_11,5
PXL_20220922_194406571.jpg,facing_camera,well_lit,0,subject_11,5
PXL_20220922_194356378.jpg,facing_camera,well_lit,0,subject_11,5
PXL_20220922_194353957.jpg,facing_camera,well_lit,0,subject_11,5
PXL_20220922_194342509.jpg,facing_camera,well_lit,0,subject_11,5
PXL_20220922_194341122.jpg,facing_camera,well_lit,0,subject_11,5
PXL_20220922_194339820.jpg,facing_camera,well_lit,0,subject_11,5
PXL_20220922_194338361.jpg,facing_camera,well_lit,0,subject_11,5
PXL_20220922_194144154.PORTRAIT.jpg,facing_camera,well_lit,0,subject_11,5
PXL_20220922_194126652.PORTRAIT.jpg,facing_camera,well_lit,0,subject_11,5
PXL_20220922_194117414.PORTRAIT.jpg,frontal,well_lit,0,subject_11,5
PXL_20220922_194109470.PORTRAIT.jpg,facing_camera,well_lit,0,subject_11,5
PXL_20220922_194054240.PORTRAIT.jpg,facing_camera,well_lit,0,subject_11,5
PXL_20220922_194051594.PORTRAIT.jpg,frontal,well_lit,0,subject_11,5
PXL_20220922_194043213.PORTRAIT.jpg,facing_camera,well_lit,0,subject_11,5
PXL_20220922_200207745.jpg,facing_camera,well_lit,0,subject_10,9
PXL_20220922_200206611.jpg,facing_camera,well_lit,0,subject_10,9
PXL_20220922_200205248.jpg,frontal,well_lit,0,subject_10,9
PXL_20220922_200017828.jpg,facing_camera,poorly_lit,0,subject_10,9
PXL_20220922_200000614.jpg,facing_camera,poorly_lit,0,subject_10,9
PXL_20220922_195956509.jpg,frontal,poorly_lit,0,subject_10,9
PXL_20220922_195944058.jpg,facing_camera,poorly_lit,0,subject_10,9
PXL_20220922_195829652.jpg,facing_camera,well_lit,0,subject_10,9
PXL_20220922_195725795.jpg,facing_camera,well_lit,0,subject_10,9
PXL_20220922_195711268.jpg,facing_camera,well_lit,0,subject_10,9
PXL_20220922_195656401.jpg,facing_camera,well_lit,0,subject_10,9
PXL_20220922_195637346.jpg,facing_camera,well_lit,0,subject_10,9
PXL_20220922_195506633.jpg,frontal,well_lit,0,subject_10,9
PXL_20220922_195459564.jpg,facing_camera,well_lit,0,subject_10,9
PXL_20220922_195454157.jpg,frontal,well_lit,0,subject_10,9
PXL_20220922_195447140.jpg,frontal,well_lit,0,subject_10,9
PXL_20220922_195435930.jpg,facing_camera,well_lit,0,subject_10,9
PXL_20220922_195431981.jpg,frontal,well_lit,0,subject_10,9
PXL_20220922_195423628.jpg,facing_camera,well_lit,0,subject_10,9
PXL_20220922_140342859.PORTRAIT.jpg,facing_camera,well_lit,0,subject_9,4
PXL_20220922_140341531.PORTRAIT.jpg,facing_camera,well_lit,0,subject_9,4
PXL_20220922_140339729.PORTRAIT.jpg,facing_camera,well_lit,0,subject_9,4
PXL_20220922_140337825.PORTRAIT.jpg,facing_camera,well_lit,0,subject_9,4
PXL_20220922_140335749.PORTRAIT.jpg,facing_camera,well_lit,0,subject_9,4
PXL_20220922_140323802.PORTRAIT.jpg,frontal,well_lit,0,subject_9,4
PXL_20220922_140315071.PORTRAIT.jpg,facing_camera,well_lit,0,subject_9,4
PXL_20220922_140222578.jpg,facing_camera,poorly_lit,0,subject_9,4
PXL_20220922_140219442.jpg,frontal,poorly_lit,0,subject_9,4
PXL_20220922_140205447.jpg,facing_camera,poorly_lit,0,subject_9,4
PXL_20220922_140145712.jpg,facing_camera,poorly_lit,0,subject_9,4
PXL_20220922_140133700.jpg,facing_camera,poorly_lit,0,subject_9,4
PXL_20220922_140132005.jpg,facing_camera,poorly_lit,0,subject_9,4
PXL_20220922_140048541.jpg,facing_camera,poorly_lit,0,subject_9,4
PXL_20220922_140047100.jpg,facing_camera,poorly_lit,0,subject_9,4
PXL_20220922_140046379.jpg,facing_camera,poorly_lit,0,subject_9,4
PXL_20220922_135945608.jpg,facing_camera,poorly_lit,0,subject_9,4
PXL_20220922_135944184.jpg,facing_camera,poorly_lit,0,subject_9,4
PXL_20220922_135943105.jpg,facing_camera,poorly_lit,0,subject_9,4
PXL_20220922_135941951.jpg,facing_camera,poorly_lit,0,subject_9,4
PXL_20220922_135940569.jpg,facing_camera,poorly_lit,0,subject_9,4
PXL_20220922_135939416.jpg,facing_camera,poorly_lit,0,subject_9,4
PXL_20220922_135854746.jpg,facing_camera,poorly_lit,0,subject_9,4
PXL_20220922_135808237.jpg,frontal,well_lit,0,subject_9,4
PXL_20220922_135806296.jpg,frontal,well_lit,0,subject_9,4
PXL_20220922_135802547.jpg,facing_camera,well_lit,0,subject_9,4
PXL_20220922_135751665.jpg,frontal,well_lit,0,subject_9,4
PXL_20220922_135750066.jpg,facing_camera,well_lit,0,subject_9,4
PXL_20220922_135747692.jpg,facing_camera,well_lit,0,subject_9,4
PXL_20220922_135641645.jpg,facing_camera,well_lit,0,subject_9,4
PXL_20220922_135640401.jpg,facing_camera,well_lit,0,subject_9,4
PXL_20220922_135639221.jpg,frontal,well_lit,0,subject_9,4
PXL_20220922_135638177.jpg,facing_camera,well_lit,0,subject_9,4
PXL_20220922_135631351.jpg,facing_camera,well_lit,0,subject_9,4
PXL_20220922_135621801.jpg,facing_camera,well_lit,0,subject_9,4
PXL_20220922_135614778.jpg,facing_camera,well_lit,0,subject_9,4
PXL_20220922_135612843.jpg,frontal,well_lit,0,subject_9,4
PXL_20220922_135610252.jpg,facing_camera,well_lit,0,subject_9,4
PXL_20220922_134612760.PORTRAIT.jpg,frontal,well_lit,0,subject_9,4
PXL_20220922_134605532.PORTRAIT.jpg,facing_camera,well_lit,0,subject_9,4
PXL_20220922_134555861.PORTRAIT.jpg,frontal,well_lit,0,subject_9,4
PXL_20220922_134538984.PORTRAIT.jpg,facing_camera,well_lit,0,subject_9,4
PXL_20220922_144659539.PORTRAIT.jpg,frontal,well_lit,0,subject_8,2
PXL_20220922_144646233.PORTRAIT.jpg,facing_camera,well_lit,0,subject_8,2
PXL_20220922_144642875.PORTRAIT.jpg,frontal,well_lit,0,subject_8,2
PXL_20220922_144629915.PORTRAIT.jpg,facing_camera,well_lit,0,subject_8,2
PXL_20220922_144626615.PORTRAIT.jpg,facing_camera,well_lit,0,subject_8,2
PXL_20220922_144624483.PORTRAIT.jpg,frontal,well_lit,0,subject_8,2
PXL_20220922_144614653.PORTRAIT.jpg,facing_camera,well_lit,0,subject_8,2
PXL_20220922_144612556.PORTRAIT.jpg,facing_camera,well_lit,0,subject_8,2
PXL_20220922_144525051.jpg,facing_camera,poorly_lit,0,subject_8,2
PXL_20220922_144522915.jpg,facing_camera,poorly_lit,0,subject_8,2
PXL_20220922_144520738.jpg,facing_camera,poorly_lit,0,subject_8,2
PXL_20220922_144513518.jpg,facing_camera,poorly_lit,0,subject_8,2
PXL_20220922_144509854.jpg,facing_camera,poorly_lit,0,subject_8,2
PXL_20220922_144457808.jpg,facing_camera,poorly_lit,0,subject_8,2
PXL_20220922_144454460.jpg,facing_camera,poorly_lit,0,subject_8,2
PXL_20220922_144431094.jpg,facing_camera,poorly_lit,0,subject_8,2
PXL_20220922_144424020.jpg,facing_camera,poorly_lit,0,subject_8,2
PXL_20220922_144243484.jpg,frontal,well_lit,0,subject_8,2
PXL_20220922_144237169.jpg,frontal,well_lit,0,subject_8,2
PXL_20220922_144225935.jpg,facing_camera,well_lit,0,subject_8,2
PXL_20220922_144214170.jpg,frontal,well_lit,0,subject_8,2
PXL_20220922_144212804.jpg,facing_camera,well_lit,0,subject_8,2
PXL_20220922_144208454.jpg,facing_camera,well_lit,0,subject_8,2
PXL_20220922_144201853.jpg,frontal,well_lit,0,subject_8,2
PXL_20220922_144155487.jpg,facing_camera,well_lit,0,subject_8,2
PXL_20220922_144135110.jpg,frontal,poorly_lit,0,subject_8,2
PXL_20220922_144126494.jpg,facing_camera,poorly_lit,0,subject_8,2
PXL_20220922_144049938.jpg,frontal,poorly_lit,0,subject_8,2
PXL_20220922_144042686.jpg,facing_camera,poorly_lit,0,subject_8,2
PXL_20220922_144038878.jpg,facing_camera,poorly_lit,0,subject_8,2
PXL_20220922_144024003.jpg,frontal,poorly_lit,0,subject_8,2
PXL_20220922_144015845.jpg,facing_camera,poorly_lit,0,subject_8,2
PXL_20220922_144000843.jpg,frontal,poorly_lit,0,subject_8,2
PXL_20220922_143953061.jpg,facing_camera,poorly_lit,0,subject_8,2
PXL_20220922_143950494.jpg,facing_camera,poorly_lit,0,subject_8,2
PXL_20220922_143938018.jpg,frontal,poorly_lit,0,subject_8,2
PXL_20220922_143929898.jpg,facing_camera,poorly_lit,0,subject_8,2
PXL_20220922_143926991.jpg,facing_camera,poorly_lit,0,subject_8,2
PXL_20220922_201123752.jpg,facing_camera,well_lit,0,subject_7,4
PXL_20220922_201112822.jpg,facing_camera,well_lit,0,subject_7,4
PXL_20220922_201105804.jpg,frontal,well_lit,0,subject_7,4
PXL_20220922_201104283.jpg,facing_camera,well_lit,0,subject_7,4
PXL_20220922_201100125.jpg,facing_camera,well_lit,0,subject_7,4
PXL_20220922_201058066.jpg,frontal,well_lit,0,subject_7,4
PXL_20220922_201019240.jpg,facing_camera,poorly_lit,0,subject_7,4
PXL_20220922_201010784.jpg,facing_camera,poorly_lit,0,subject_7,4
PXL_20220922_201003232.jpg,frontal,poorly_lit,0,subject_7,4
PXL_20220922_200959790.jpg,facing_camera,poorly_lit,0,subject_7,4
PXL_20220922_200952853.jpg,facing_camera,poorly_lit,0,subject_7,4
PXL_20220922_200941758.jpg,frontal,poorly_lit,0,subject_7,4
PXL_20220922_200933252.jpg,facing_camera,poorly_lit,0,subject_7,4
PXL_20220922_200921149.jpg,facing_camera,poorly_lit,0,subject_7,4
PXL_20220922_200912092.jpg,facing_camera,poorly_lit,0,subject_7,4
PXL_20220922_200843113.jpg,frontal,poorly_lit,0,subject_7,4
PXL_20220922_200836956.jpg,facing_camera,poorly_lit,0,subject_7,4
PXL_20220922_200835329.jpg,frontal,poorly_lit,0,subject_7,4
PXL_20220922_200829155.jpg,facing_camera,poorly_lit,0,subject_7,4
PXL_20220922_200640074.jpg,frontal,well_lit,0,subject_7,4
PXL_20220922_200625319.jpg,facing_camera,well_lit,0,subject_7,4
PXL_20220922_200620775.jpg,frontal,well_lit,0,subject_7,4
PXL_20220922_200610155.jpg,facing_camera,well_lit,0,subject_7,4
PXL_20220922_200604281.jpg,frontal,well_lit,0,subject_7,4
PXL_20220922_200554422.jpg,facing_camera,well_lit,0,subject_7,4
PXL_20220922_200552085.jpg,frontal,well_lit,0,subject_7,4
PXL_20220922_200543167.jpg,facing_camera,well_lit,0,subject_7,4
PXL_20220922_200529265.jpg,frontal,well_lit,0,subject_7,4
PXL_20220922_200522557.jpg,facing_camera,well_lit,0,subject_7,4
PXL_20220922_200519022.jpg,frontal,well_lit,0,subject_7,4
PXL_20220922_200512276.jpg,facing_camera,well_lit,0,subject_7,4
PXL_20220922_200503926.jpg,frontal,well_lit,0,subject_7,4
PXL_20220922_200457952.jpg,facing_camera,well_lit,0,subject_7,4
PXL_20220922_200455601.jpg,frontal,well_lit,0,subject_7,4
PXL_20220922_142309716.PORTRAIT.jpg,facing_camera,well_lit,0,subject_6,5
PXL_20220922_142308221.PORTRAIT.jpg,frontal,well_lit,0,subject_6,5
PXL_20220922_142306737.PORTRAIT.jpg,facing_camera,well_lit,0,subject_6,5
PXL_20220922_142259877.PORTRAIT.jpg,frontal,well_lit,0,subject_6,5
PXL_20220922_142254164.PORTRAIT.jpg,facing_camera,well_lit,0,subject_6,5
PXL_20220922_142251582.PORTRAIT.jpg,facing_camera,well_lit,0,subject_6,5
PXL_20220922_142247360.PORTRAIT.jpg,facing_camera,well_lit,0,subject_6,5
PXL_20220922_142240665.PORTRAIT.jpg,facing_camera,well_lit,0,subject_6,5
PXL_20220922_142237800.PORTRAIT.jpg,facing_camera,well_lit,0,subject_6,5
PXL_20220922_142156487.jpg,facing_camera,poorly_lit,0,subject_6,5
PXL_20220922_142155246.jpg,facing_camera,poorly_lit,0,subject_6,5
PXL_20220922_142153214.jpg,frontal,poorly_lit,0,subject_6,5
PXL_20220922_142151943.jpg,facing_camera,poorly_lit,0,subject_6,5
PXL_20220922_142149612.jpg,facing_camera,poorly_lit,0,subject_6,5
PXL_20220922_142144978.jpg,facing_camera,poorly_lit,0,subject_6,5
PXL_20220922_142141315.jpg,facing_camera,poorly_lit,0,subject_6,5
PXL_20220922_142133535.jpg,frontal,poorly_lit,0,subject_6,5
PXL_20220922_142118942.jpg,facing_camera,poorly_lit,0,subject_6,5
PXL_20220922_142112641.jpg,facing_camera,poorly_lit,0,subject_6,5
PXL_20220922_142111300.jpg,facing_camera,poorly_lit,0,subject_6,5
PXL_20220922_142108629.jpg,facing_camera,poorly_lit,0,subject_6,5
PXL_20220922_142106716.jpg,facing_camera,poorly_lit,0,subject_6,5
PXL_20220922_142105039.jpg,facing_camera,poorly_lit,0,subject_6,5
PXL_20220922_142103081.jpg,facing_camera,poorly_lit,0,subject_6,5
PXL_20220922_142057251.jpg,facing_camera,poorly_lit,0,subject_6,5
PXL_20220922_142041715.PORTRAIT.jpg,facing_camera,poorly_lit,0,subject_6,5
PXL_20220922_141840168.PORTRAIT.jpg,facing_camera,well_lit,0,subject_6,5
PXL_20220922_141836902.PORTRAIT.jpg,facing_camera,well_lit,0,subject_6,5
PXL_20220922_141835021.PORTRAIT.jpg,facing_camera,well_lit,0,subject_6,5
PXL_20220922_141831973.PORTRAIT.jpg,frontal,well_lit,0,subject_6,5
PXL_20220922_141810468.PORTRAIT.jpg,facing_camera,well_lit,0,subject_6,5
PXL_20220922_141748897.PORTRAIT.jpg,frontal,well_lit,0,subject_6,5
PXL_20220922_141746988.PORTRAIT.jpg,facing_camera,well_lit,0,subject_6,5
PXL_20220922_141741394.PORTRAIT.jpg,frontal,well_lit,0,subject_6,5
PXL_20220922_141737535.PORTRAIT.jpg,facing_camera,well_lit,0,subject_6,5
PXL_20220922_141724943.PORTRAIT.jpg,facing_camera,well_lit,0,subject_6,5
PXL_20220922_141639932.jpg,frontal,well_lit,0,subject_6,5
PXL_20220922_141635391.jpg,frontal,well_lit,0,subject_6,5
PXL_20220922_141605392.jpg,facing_camera,well_lit,0,subject_6,5
PXL_20220922_143251719.jpg,facing_camera,well_lit,0,subject_5,7
PXL_20220922_143246772.jpg,frontal,well_lit,0,subject_5,7
PXL_20220922_143240755.jpg,facing_camera,well_lit,0,subject_5,7
PXL_20220922_143237153.jpg,frontal,well_lit,0,subject_5,7
PXL_20220922_143230097.jpg,facing_camera,well_lit,0,subject_5,7
PXL_20220922_143139165.PORTRAIT.jpg,facing_camera,poorly_lit,0,subject_5,7
PXL_20220922_143135399.PORTRAIT.jpg,facing_camera,poorly_lit,0,subject_5,7
PXL_20220922_143120425.PORTRAIT.jpg,facing_camera,poorly_lit,0,subject_5,7
PXL_20220922_143113267.PORTRAIT.jpg,facing_camera,poorly_lit,0,subject_5,7
PXL_20220922_143106968.PORTRAIT.jpg,facing_camera,poorly_lit,0,subject_5,7
PXL_20220922_143103818.PORTRAIT.jpg,facing_camera,poorly_lit,0,subject_5,7
PXL_20220922_143059150.PORTRAIT.jpg,frontal,poorly_lit,0,subject_5,7
PXL_20220922_143049258.PORTRAIT.jpg,facing_camera,well_lit,0,subject_5,7
PXL_20220922_143043606.PORTRAIT.jpg,facing_camera,poorly_lit,0,subject_5,7
PXL_20220922_143012499.jpg,facing_camera,well_lit,0,subject_5,7
PXL_20220922_143002045.jpg,facing_camera,well_lit,0,subject_5,7
PXL_20220922_142957675.jpg,facing_camera,well_lit,0,subject_5,7
PXL_20220922_142939817.jpg,facing_camera,well_lit,0,subject_5,7
PXL_20220922_142921035.jpg,facing_camera,well_lit,0,subject_5,7
PXL_20220922_142917997.jpg,facing_camera,well_lit,0,subject_5,7
PXL_20220922_142614750.PORTRAIT.jpg,frontal,well_lit,0,subject_5,7
PXL_20220922_142608903.PORTRAIT.jpg,facing_camera,well_lit,0,subject_5,7
PXL_20220922_142600816.PORTRAIT.jpg,facing_camera,well_lit,0,subject_5,7
PXL_20220922_142550791.PORTRAIT.jpg,frontal,well_lit,0,subject_5,7
PXL_20220922_142535244.PORTRAIT.jpg,facing_camera,well_lit,0,subject_5,7
PXL_20220922_142529483.PORTRAIT.jpg,frontal,well_lit,0,subject_5,7
PXL_20220922_142527736.PORTRAIT.jpg,frontal,well_lit,0,subject_5,7
PXL_20220922_142517538.PORTRAIT.jpg,facing_camera,well_lit,0,subject_5,7
PXL_20220922_142514092.PORTRAIT.jpg,facing_camera,well_lit,0,subject_5,7
PXL_20220922_162431213.jpg,facing_camera,poorly_lit,0,subject_4,9
PXL_20220922_162429314.jpg,facing_camera,poorly_lit,0,subject_4,9
PXL_20220922_162427303.jpg,frontal,poorly_lit,0,subject_4,9
PXL_20220922_162424266.jpg,facing_camera,poorly_lit,0,subject_4,9
PXL_20220922_162417511.jpg,facing_camera,poorly_lit,0,subject_4,9
PXL_20220922_162409257.jpg,facing_camera,poorly_lit,0,subject_4,9
PXL_20220922_162406276.jpg,frontal,poorly_lit,0,subject_4,9
PXL_20220922_162401809.jpg,facing_camera,poorly_lit,0,subject_4,9
PXL_20220922_162359800.jpg,facing_camera,poorly_lit,0,subject_4,9
PXL_20220922_162358077.jpg,facing_camera,poorly_lit,0,subject_4,9
PXL_20220922_162353104.jpg,facing_camera,poorly_lit,0,subject_4,9
PXL_20220922_162307441.jpg,facing_camera,poorly_lit,0,subject_4,9
PXL_20220922_162306073.jpg,facing_camera,poorly_lit,0,subject_4,9
PXL_20220922_162304847.jpg,facing_camera,poorly_lit,0,subject_4,9
PXL_20220922_162255438.jpg,frontal,poorly_lit,0,subject_4,9
PXL_20220922_162253802.jpg,facing_camera,poorly_lit,0,subject_4,9
PXL_20220922_162222156.jpg,facing_camera,poorly_lit,0,subject_4,9
PXL_20220922_162054939.jpg,facing_camera,well_lit,0,subject_4,9
PXL_20220922_162046872.jpg,facing_camera,well_lit,0,subject_4,9
PXL_20220922_162038772.jpg,facing_camera,well_lit,0,subject_4,9
PXL_20220922_162033560.jpg,facing_camera,well_lit,0,subject_4,9
PXL_20220922_162021956.jpg,frontal,well_lit,0,subject_4,9
PXL_20220922_162015840.jpg,facing_camera,well_lit,0,subject_4,9
PXL_20220922_161939679.jpg,frontal,well_lit,0,subject_4,9
PXL_20220922_161932128.jpg,facing_camera,well_lit,0,subject_4,9
PXL_20220922_161929477.jpg,frontal,well_lit,0,subject_4,9
PXL_20220922_161921427.jpg,facing_camera,well_lit,0,subject_4,9
PXL_20220922_161917826.jpg,frontal,well_lit,0,subject_4,9
PXL_20220922_161908046.jpg,facing_camera,well_lit,0,subject_4,9
PXL_20220922_161905430.jpg,frontal,well_lit,0,subject_4,9
PXL_20220922_161857653.jpg,facing_camera,well_lit,0,subject_4,9
PXL_20220922_193528310.jpg,frontal,well_lit,0,subject_3,6
PXL_20220922_193526844.jpg,facing_camera,well_lit,0,subject_3,6
PXL_20220922_193525366.jpg,facing_camera,well_lit,0,subject_3,6
PXL_20220922_193521063.jpg,facing_camera,well_lit,0,subject_3,6
PXL_20220922_193512595.jpg,frontal,well_lit,0,subject_3,6
PXL_20220922_193508077.jpg,facing_camera,well_lit,0,subject_3,6
PXL_20220922_193506209.jpg,facing_camera,well_lit,0,subject_3,6
PXL_20220922_193503938.jpg,frontal,well_lit,0,subject_3,6
PXL_20220922_193502239.jpg,facing_camera,well_lit,0,subject_3,6
PXL_20220922_193457393.jpg,facing_camera,well_lit,0,subject_3,6
PXL_20220922_193442749.jpg,frontal,well_lit,0,subject_3,6
PXL_20220922_193441419.jpg,facing_camera,well_lit,0,subject_3,6
PXL_20220922_193436546.jpg,facing_camera,well_lit,0,subject_3,6
PXL_20220922_193434544.jpg,facing_camera,well_lit,0,subject_3,6
PXL_20220922_193258695.jpg,frontal,poorly_lit,0,subject_3,6
PXL_20220922_193257144.jpg,frontal,poorly_lit,0,subject_3,6
PXL_20220922_193250362.jpg,frontal,poorly_lit,0,subject_3,6
PXL_20220922_193249113.jpg,facing_camera,poorly_lit,0,subject_3,6
PXL_20220922_193247851.jpg,facing_camera,poorly_lit,0,subject_3,6
PXL_20220922_193246375.jpg,frontal,poorly_lit,0,subject_3,6
PXL_20220922_193240640.jpg,facing_camera,poorly_lit,0,subject_3,6
PXL_20220922_193239210.jpg,facing_camera,poorly_lit,0,subject_3,6
PXL_20220922_193146740.jpg,facing_camera,poorly_lit,0,subject_3,6
PXL_20220922_193145287.jpg,facing_camera,poorly_lit,0,subject_3,6
PXL_20220922_193143821.jpg,facing_camera,poorly_lit,0,subject_3,6
PXL_20220922_193142521.jpg,facing_camera,poorly_lit,0,subject_3,6
PXL_20220922_193140993.jpg,facing_camera,poorly_lit,0,subject_3,6
PXL_20220922_192839520.jpg,facing_camera,poorly_lit,0,subject_3,6
PXL_20220922_192838054.jpg,frontal,poorly_lit,0,subject_3,6
PXL_20220922_192831992.jpg,facing_camera,poorly_lit,0,subject_3,6
PXL_20220922_192746438.jpg,frontal,poorly_lit,0,subject_3,6
PXL_20220922_192744156.jpg,frontal,poorly_lit,0,subject_3,6
PXL_20220922_192736985.jpg,facing_camera,poorly_lit,0,subject_3,6
PXL_20220922_192714792.jpg,frontal,well_lit,0,subject_3,6
PXL_20220922_192713113.jpg,facing_camera,well_lit,0,subject_3,6
PXL_20220922_192709617.jpg,facing_camera,well_lit,0,subject_3,6
PXL_20220922_192707666.jpg,facing_camera,well_lit,0,subject_3,6
PXL_20220922_192706771.jpg,facing_camera,well_lit,0,subject_3,6
PXL_20220922_192651355.jpg,frontal,well_lit,0,subject_3,6
PXL_20220922_192637943.jpg,facing_camera,well_lit,0,subject_3,6
PXL_20220922_192625680.jpg,facing_camera,well_lit,0,subject_3,6
PXL_20220922_192618611.jpg,facing_camera,well_lit,0,subject_3,6
PXL_20220922_192615914.jpg,facing_camera,well_lit,0,subject_3,6
PXL_20220922_192614146.jpg,facing_camera,well_lit,0,subject_3,6
PXL_20220922_192610554.jpg,facing_camera,well_lit,0,subject_3,6
PXL_20220922_192608497.jpg,facing_camera,well_lit,0,subject_3,6
PXL_20220922_173932021.jpg,facing_camera,poorly_lit,0,subject_2,8
PXL_20220922_173921134.jpg,facing_camera,poorly_lit,0,subject_2,8
PXL_20220922_173918548.jpg,frontal,poorly_lit,0,subject_2,8
PXL_20220922_173910224.jpg,facing_camera,poorly_lit,0,subject_2,8
PXL_20220922_173759197.jpg,facing_camera,poorly_lit,0,subject_2,8
PXL_20220922_173754215.jpg,facing_camera,poorly_lit,0,subject_2,8
PXL_20220922_173751452.jpg,facing_camera,poorly_lit,0,subject_2,8
PXL_20220922_173747570.jpg,facing_camera,poorly_lit,0,subject_2,8
PXL_20220922_173736762.jpg,facing_camera,poorly_lit,0,subject_2,8
PXL_20220922_173717156.jpg,facing_camera,poorly_lit,0,subject_2,8
PXL_20220922_173522398.jpg,facing_camera,well_lit,0,subject_2,8
PXL_20220922_173515925.jpg,facing_camera,well_lit,0,subject_2,8
PXL_20220922_173513639.jpg,facing_camera,well_lit,0,subject_2,8
PXL_20220922_173509217.jpg,facing_camera,well_lit,0,subject_2,8
PXL_20220922_173507870.jpg,facing_camera,well_lit,0,subject_2,8
PXL_20220922_173505354.jpg,frontal,well_lit,0,subject_2,8
PXL_20220922_173459363.jpg,facing_camera,well_lit,0,subject_2,8
PXL_20220922_173456436.jpg,frontal,well_lit,0,subject_2,8
PXL_20220922_173448953.jpg,facing_camera,well_lit,0,subject_2,8
PXL_20220922_173421045.jpg,frontal,well_lit,0,subject_2,8
PXL_20220922_173411408.jpg,facing_camera,well_lit,0,subject_2,8
PXL_20220922_173405212.jpg,frontal,well_lit,0,subject_2,8
PXL_20220922_173350162.jpg,facing_camera,well_lit,0,subject_2,8
PXL_20220922_173337082.jpg,facing_camera,well_lit,0,subject_2,8
PXL_20220922_173332744.jpg,frontal,well_lit,0,subject_2,8
PXL_20220922_173319356.jpg,facing_camera,well_lit,0,subject_2,8
PXL_20220922_173309332.jpg,frontal,well_lit,0,subject_2,8
PXL_20220922_173251686.jpg,facing_camera,well_lit,0,subject_2,8
PXL_20220922_174606457.jpg,facing_camera,poorly_lit,0,subject_1,2
PXL_20220922_174552943.jpg,frontal,poorly_lit,0,subject_1,2
PXL_20220922_174547563.jpg,facing_camera,poorly_lit,0,subject_1,2
PXL_20220922_174540218.jpg,frontal,poorly_lit,0,subject_1,2
PXL_20220922_174535556.jpg,facing_camera,poorly_lit,0,subject_1,2
PXL_20220922_174523104.jpg,frontal,poorly_lit,0,subject_1,2
PXL_20220922_174521457.jpg,facing_camera,poorly_lit,0,subject_1,2
PXL_20220922_174516272.jpg,facing_camera,poorly_lit,0,subject_1,2
PXL_20220922_174445779.jpg,frontal,poorly_lit,0,subject_1,2
PXL_20220922_174440762.jpg,facing_camera,poorly_lit,0,subject_1,2
PXL_20220922_174437829.jpg,frontal,poorly_lit,0,subject_1,2
PXL_20220922_174431750.jpg,facing_camera,poorly_lit,0,subject_1,2
PXL_20220922_174406287.jpg,frontal,poorly_lit,0,subject_1,2
PXL_20220922_174144689.jpg,facing_camera,well_lit,0,subject_1,2
PXL_20220922_174131827.jpg,frontal,well_lit,0,subject_1,2
PXL_20220922_174122571.jpg,facing_camera,well_lit,0,subject_1,2
PXL_20220922_174114139.jpg,frontal,well_lit,0,subject_1,2
PXL_20220922_174104129.jpg,facing_camera,well_lit,0,subject_1,2
PXL_20220922_174035795.jpg,facing_camera,well_lit,0,subject_1,2
PXL_20220922_174034517.jpg,facing_camera,well_lit,0,subject_1,2
PXL_20220922_174030115.jpg,facing_camera,well_lit,0,subject_1,2
PXL_20220922_174018423.jpg,facing_camera,well_lit,0,subject_1,2
PXL_20220922_174011830.jpg,facing_camera,well_lit,0,subject_1,2
PXL_20220922_174009443.jpg,frontal,well_lit,0,subject_1,2
PXL_20220922_173952716.jpg,facing_camera,well_lit,0,subject_1,2
PXL_20220922_132845778.PORTRAIT.jpg,facing_camera,well_lit,0,subject_0,3
PXL_20220922_134350655.PORTRAIT.jpg,frontal,well_lit,0,subject_0,3
PXL_20220922_134339364.PORTRAIT.jpg,facing_camera,well_lit,0,subject_0,3
PXL_20220922_134210937.jpg,facing_camera,poorly_lit,0,subject_0,3
PXL_20220922_134210937.dng,facing_camera,poorly_lit,0,subject_0,3
PXL_20220922_134203230.jpg,facing_camera,poorly_lit,0,subject_0,3
PXL_20220922_134203230.dng,facing_camera,poorly_lit,0,subject_0,3
PXL_20220922_134141731.jpg,frontal,poorly_lit,0,subject_0,3
PXL_20220922_134141731.dng,frontal,poorly_lit,0,subject_0,3
PXL_20220922_134134361.jpg,facing_camera,poorly_lit,0,subject_0,3
PXL_20220922_134134361.dng,facing_camera,poorly_lit,0,subject_0,3
PXL_20220922_134128867.jpg,frontal,poorly_lit,0,subject_0,3
PXL_20220922_134128867.dng,frontal,poorly_lit,0,subject_0,3
PXL_20220922_134119737.jpg,facing_camera,poorly_lit,0,subject_0,3
PXL_20220922_134119737.dng,facing_camera,poorly_lit,0,subject_0,3
PXL_20220922_134115414.jpg,facing_camera,poorly_lit,0,subject_0,3
PXL_20220922_134115414.dng,facing_camera,poorly_lit,0,subject_0,3
PXL_20220922_134034735.jpg,frontal,poorly_lit,0,subject_0,3
PXL_20220922_134034735.dng,frontal,poorly_lit,0,subject_0,3
PXL_20220922_134031823.jpg,facing_camera,poorly_lit,0,subject_0,3
PXL_20220922_134031823.dng,facing_camera,poorly_lit,0,subject_0,3
PXL_20220922_134022988.jpg,facing_camera,poorly_lit,0,subject_0,3
PXL_20220922_134022988.dng,facing_camera,poorly_lit,0,subject_0,3
PXL_20220922_134006137.jpg,facing_camera,poorly_lit,0,subject_0,3
PXL_20220922_134006137.dng,facing_camera,poorly_lit,0,subject_0,3
PXL_20220922_133026236.PORTRAIT.jpg,frontal,well_lit,0,subject_0,3
PXL_20220922_132959831.PORTRAIT.jpg,facing_camera,well_lit,0,subject_0,3
PXL_20220922_132914899.PORTRAIT.jpg,facing_camera,well_lit,0,subject_0,3
